{"lstm_units": 160, "dense_units": 32, "dropout_rate": 0.18000000000000002, "learning_rate": 0.0009953224564196882, "batch_size": 8}